--Mock Data generated from DBeaver EE


--INSERT INTO "users" (user_id,enabled,full_name,password,username) VALUES (50,'false','Lane Rowland','LLY56VVF7NS','justo.Praesent@Quisqueimperdieterat.co.uk'),(51,'true','Bruno Clay','LUR98BKL4LN','felis.eget.varius@arcuVestibulum.co.uk'),(52,'false','Martin Daniels','LDS25VYU5PW','risus.varius.orci@nunc.ca'),(53,'false','Kaseem Golden','GQN43ZFS6IM','Nullam.enim.Sed@IncondimentumDonec.edu'),(54,'false','Isaiah Russell','GXD18UPI4YY','eleifend.vitae@afacilisisnon.org'),(55,'false','Sean Decker','UGM31AMP2JE','inceptos.hymenaeos.Mauris@orciconsectetuer.co.uk'),(56,'true','Declan Bond','MKQ43DBS3XK','lorem@Ut.edu'),(57,'true','Fritz Stephenson','OVC68KJP8YW','enim.commodo@anteblandit.org'),(58,'true','Cyrus Keith','WEC31UMC7CT','metus@MaurisnullaInteger.ca'),(59,'false','Kamal Coleman','MHT82POU1IK','Cras.convallis@feugiattelluslorem.com');
--INSERT INTO "users" (user_id,enabled,full_name,password,username) VALUES (60,'true','Ishmael Melton','QLB75FKZ3XL','eu.placerat@aarcu.org'),(61,'false','Hayden Walls','OEG82LSQ3LS','vitae.risus@Morbi.com'),(62,'false','Leroy Farrell','KZQ54PGM7ZY','dui@faucibusleo.ca'),(63,'false','Chaney Quinn','ZQS92PBJ2KM','aliquet.odio.Etiam@Curabiturdictum.co.uk'),(64,'false','Reese Haynes','EFK10VEI4GN','Mauris@pharetra.net'),(65,'true','Amos Mayer','XVH46XKC4LZ','tristique.senectus.et@adipiscinglacusUt.com'),(66,'false','Kenneth Barry','KUR35CJF1TY','varius.et.euismod@commodo.co.uk'),(67,'true','Lamar Barber','XPZ65IZY2XA','orci.Ut@necdiamDuis.net'),(68,'true','Lewis Dickerson','ELH66EGY4TH','vehicula.aliquet.libero@Suspendisse.org'),(69,'true','Erasmus Nunez','KLA14FVP9MI','aliquet.vel.vulputate@magnaCras.com');
--INSERT INTO "users" (user_id,enabled,full_name,password,username) VALUES (70,'true','Walker Berg','UOJ44RZZ9DY','eget@loremvehicula.edu'),(71,'true','Declan Rivers','LYQ69XEF6LG','Mauris.vestibulum@maurisrhoncusid.ca'),(72,'false','Aquila Conrad','RUY78PQH0NA','est.mauris.rhoncus@Phasellus.net'),(73,'false','Preston Tanner','EKQ17ANX1VW','et.libero@pellentesqueegetdictum.net'),(74,'false','Callum Williamson','DGW79RFU5CS','nisi.a.odio@congueelitsed.com'),(75,'false','Sawyer Key','YJT09PDC5MK','lacus@PhasellusnullaInteger.net'),(76,'true','Armando Brady','TSD31OCU7VF','penatibus@adipiscingfringillaporttitor.net'),(77,'true','Daquan Henson','URE42IVT2WF','ornare.tortor@eu.com'),(78,'true','Alvin Shaffer','LVT22UWS1SN','eleifend.non@nec.ca'),(79,'true','Amal Black','RTW99FWP9WA','lectus.convallis.est@nonjustoProin.edu');
--INSERT INTO "users" (user_id,enabled,full_name,password,username) VALUES (80,'false','Jason Garza','YHY63ARL7SO','pede.malesuada@iaculislacus.edu'),(81,'true','Lane Stokes','WQW77VDG9TI','fermentum.fermentum.arcu@nec.ca'),(82,'true','Joshua Dawson','MOQ36KGT5HC','adipiscing@sitametdiam.org'),(83,'false','Ezra Tyson','KMG92IHM9TN','eget.mollis.lectus@non.edu'),(84,'false','Jonah Ramsey','MJU62IRZ0PF','eu.odio@elit.co.uk'),(85,'true','Ronan Rollins','VWD29WUH3QI','blandit@ullamcorper.co.uk'),(86,'false','Harding Dillon','ZXL01MRO7SP','eu.dui@Etiamligula.co.uk'),(87,'true','Brenden Morrison','QHI99KHY4WW','laoreet.libero.et@enimnonnisi.org'),(88,'false','Holmes Benjamin','GCW16WQH3VJ','tristique@bibendumDonecfelis.ca'),(89,'true','Fletcher Dale','JUL95EIH4TG','elit@auctor.com');
--INSERT INTO "users" (user_id,enabled,full_name,password,username) VALUES (90,'true','Mufutau Pollard','VXX95NGP1UN','convallis.convallis@consectetueradipiscingelit.org'),(91,'false','Moses Weaver','LEG11UQD8NX','Curabitur.consequat.lectus@Aliquam.org'),(92,'false','Donovan Alford','OEV94BWQ6NT','ipsum@maurisa.org'),(93,'false','Caesar Evans','YUI27JGE3DB','habitant@molestietortornibh.edu'),(94,'true','Ivor Byrd','TGX54EWQ4TT','ut@lorem.ca'),(95,'false','Wylie Hicks','YGT77KIW7DP','Aliquam@DonectinciduntDonec.ca'),(96,'true','Tarik Fuller','HXJ09QZB2WI','per.inceptos.hymenaeos@Innec.com'),(97,'true','Perry Nielsen','KEU99GNR1LX','nec@orcilacusvestibulum.ca'),(98,'true','Sawyer Welch','VDV78ZRJ3VC','scelerisque.neque@lacusvarius.co.uk'),(99,'false','Burke Golden','HQG65HAK5EE','Morbi@sem.edu');
--INSERT INTO "users" (user_id,enabled,full_name,password,username) VALUES (100,'true','Macon Oneill','KBF92APL5HE','sociosqu.ad.litora@nibhDonecest.com'),(101,'false','Thane Norris','SNS78MAW2SR','sem@elit.org'),(102,'true','Charles Garrett','WRA47TCT1QX','Nunc@eleifendCrassed.net'),(103,'true','Alexander Soto','NXG28DNW3QL','lacus.varius.et@eratvolutpat.com'),(104,'false','Amery Moses','WMZ74CLE1XY','sed@urnasuscipit.edu'),(105,'true','Elvis Randall','SNX77HNG6OW','ridiculus.mus@maurisut.org'),(106,'false','Brennan Sharp','SVB38BYK8YC','turpis@velpede.com'),(107,'true','Hammett York','UUB18GOK2FB','natoque.penatibus.et@velitAliquam.org'),(108,'false','Troy Bowen','WZH04UYS6QI','parturient.montes.nascetur@Seddiamlorem.ca'),(109,'true','Samson Burch','LRK70YRU4VS','interdum@sollicitudin.org');
--INSERT INTO "users" (user_id,enabled,full_name,password,username) VALUES (110,'false','Caldwell Roy','FWV20MVS4JI','tincidunt.tempus@faucibusorci.org'),(111,'true','Vladimir Graham','CON71NLR5AV','nunc.sed.pede@ornaresagittisfelis.org'),(112,'true','Phillip Wright','IXO49FXJ2AO','Nullam.vitae.diam@laoreet.net'),(113,'false','Rigel Blackburn','RUH70AEP9IG','risus.at.fringilla@Phasellusdapibus.net'),(114,'true','Tyrone Conley','AGM68SNA5YT','elementum.lorem.ut@laciniavitae.edu'),(115,'true','Alexander Kirby','ODM79QSB6UR','lorem@ultrices.edu'),(116,'true','Cyrus Molina','VCS96OUG7VB','semper.Nam.tempor@tristiquesenectuset.edu'),(117,'true','Alexander Beasley','NKS78NVR2BP','et.euismod.et@Duisatlacus.edu'),(118,'true','Perry Knox','QFK14NTX7PU','Aenean.egestas.hendrerit@at.ca'),(119,'true','Clark Fulton','FNU36GRV5NR','enim.gravida.sit@enim.org');
--INSERT INTO "users" (user_id,enabled,full_name,password,username) VALUES (120,'true','Hashim Duran','ILM89OZL8FP','eros.non@sit.co.uk'),(121,'false','Kadeem Norris','FES33TZN0KW','tincidunt@Aeneaneget.edu'),(122,'false','Graiden Ayala','PGL45DJG6UV','dapibus@ultricies.edu'),(123,'false','Jason Tucker','EEJ92TTS1QV','nulla.ante.iaculis@sedliberoProin.org'),(124,'true','Jakeem Blanchard','XUC03MRJ7AQ','magnis.dis.parturient@acfacilisisfacilisis.net'),(125,'false','Keegan Leblanc','NVF25ELI3ZY','felis.ullamcorper@penatibus.org'),(126,'true','Vladimir Winters','IDA02XXD7KT','magna.Phasellus.dolor@ultricessit.org'),(127,'true','Xenos Carney','HRA52WRD4EJ','nisl.arcu@Aenean.edu'),(128,'false','Tanek Clemons','IHL59QOT1MU','justo@erat.ca'),(129,'false','Dieter Keller','SPX50ZJN2GQ','lacus.Ut@adipiscing.ca');
--INSERT INTO "users" (user_id,enabled,full_name,password,username) VALUES (130,'true','Maxwell Hays','AQK78MVE3KG','ac@tinciduntorciquis.edu'),(131,'true','Abdul Valenzuela','NYK05EGS9JS','Nam@disparturientmontes.edu'),(132,'false','Oleg Chandler','SBU91RMK1RA','et.libero@velarcuCurabitur.com'),(133,'true','Noble Irwin','CYE23ZUE6VB','risus.Donec.nibh@elit.ca'),(134,'true','Dustin Mcfadden','LEW47BSY6YN','urna@vel.net'),(135,'false','Graiden Quinn','SXF01CJY4IO','enim@nonummy.com'),(136,'true','Garrison Alvarado','LFP62DZV0OL','tincidunt.aliquam.arcu@pharetrafelis.edu'),(137,'true','Andrew Delacruz','JAM59YMI9XA','cursus.in.hendrerit@vulputatelacusCras.edu'),(138,'true','Lee Dickson','CPJ86UZB1UH','magna@duiSuspendisseac.org'),(139,'true','Wang Avila','QAC38EXR2UX','est.mollis@Vivamus.co.uk');
--INSERT INTO "users" (user_id,enabled,full_name,password,username) VALUES (140,'true','Curran Hill','EMR94PIP3QY','ligula.Donec.luctus@imperdietdictum.net'),(141,'true','Vladimir Cameron','FML07SGO2WR','aptent.taciti@utmolestie.edu'),(142,'true','Acton Logan','POX72MID7IK','vulputate.ullamcorper.magna@ullamcorperDuiscursus.co.uk'),(143,'false','Ira Green','EEY01NMV1NF','arcu.vel.quam@gravidasagittisDuis.edu'),(144,'false','Wallace Hicks','NPR19PPM8SX','quam.vel@hymenaeosMaurisut.ca'),(145,'false','Aristotle Witt','NGF96KIR2WM','nunc.In.at@magnaet.co.uk'),(146,'false','Evan Forbes','DXV17YFV3XG','sagittis.semper.Nam@atortor.com'),(147,'false','Peter Moran','NGH87GIE8JJ','magnis.dis.parturient@magnaLorem.net'),(148,'false','Fritz Hopkins','KGP32ONS0XW','mattis@adipiscingelitCurabitur.com'),(149,'true','Boris Lee','FEO94GVH3QL','nunc@augueacipsum.com');
--

INSERT INTO user_roles (user_id,role_id) VALUES (1,1);
INSERT INTO user_roles (user_id,role_id) VALUES	 (2,2);
INSERT INTO user_roles (user_id,role_id) VALUES	 (3,3);

INSERT INTO roles ("name") VALUES ('ROLE_ADMIN');
INSERT INTO roles ("name") VALUES ('ROLE_USER');

--Contact
INSERT INTO public.contact (contact_no,email_id) VALUES
	 ('457689123','Buser@test.com'),
	 ('69875123','Duser@test.com'),
	 ('+76(119)876-924','Virginia.Bell.68@mail.ru'),
	 ('+55(705)623-433','Doreen.Axton.36@virgilio.it'),
	 ('+35(956)965-545','Moira.Dunham.65@wanadoo.fr'),
	 ('+943(678)617-571','Blanche.Atkins.34@yahoo.co.uk'),
	 ('+54(209)084-151','Sandra.Heron.64@windstream.net'),
	 ('+91(346)172-264','Eva.Grainger.98@planet.nl'),
	 ('+126(153)721-623','Adam.Goodheart.96@yahoo.com.au'),
	 ('+63(475)368-844','Eric.Davidson.86@hetnet.nl');
INSERT INTO public.contact (contact_no,email_id) VALUES
	 ('+753(322)873-375','Stephen.Tidy.72@live.com'),
	 ('+847(993)348-469','Hedworth.Jacobson.63@facebook.com'),
	 ('+28(186)363-321','Adrian.Armistead.39@voila.fr'),
	 ('+45(725)918-336','Austin.Boot.19@yahoo.co.jp'),
	 ('+252(156)113-958','Edgar.Drinkwater.50@qq.com'),
	 ('+180(411)878-603','Addys.MacInnes.29@terra.com.br'),
	 ('+898(781)539-881','Simon.Newbold.52@optonline.net'),
	 ('+42(527)314-480','Claude.Padden.30@bellsouth.net'),
	 ('+255(371)804-412','Lanny.Gooding.15@yahoo.co.id'),
	 ('+81(498)496-349','David.Orton.30@web.de');
INSERT INTO public.contact (contact_no,email_id) VALUES
	 ('+358(143)659-474','Gwendolyn.Skillings.02@zonnet.nl'),
	 ('+492(784)923-173','Deanne.Feetham.07@terra.com.br'),
	 ('+43(568)516-797','Myron.Broomhall.05@yahoo.de'),
	 ('+707(457)891-485','Becki.Dyal.47@earthlink.net'),
	 ('+73(350)038-844','Eudora.Thimbleby.32@centurytel.net'),
	 ('+72(788)131-230','Laurence.Burney.12@blueyonder.co.uk'),
	 ('+434(177)612-458','Kay.Hornby.61@yahoo.ca'),
	 ('+55(924)528-818','Julian.Goodwin.51@aliceadsl.fr'),
	 ('+816(246)763-779','Elliot.Corrie.07@live.com.au'),
	 ('+393(001)281-233','Louise.Haylen.32@live.nl');
INSERT INTO public.contact (contact_no,email_id) VALUES
	 ('+831(168)602-297','Anthony.Winterburn.74@bluewin.ch'),
	 ('+818(381)411-532','Harold.Bartholomew.14@planet.nl'),
	 ('+820(514)733-446','Hilda.Campion.79@live.com.au'),
	 ('+96(203)411-726','Joey.Harenc.38@libero.it'),
	 ('+49(881)776-838','Vanessa.Aleshire.94@hotmail.fr'),
	 ('+68(586)535-068','Dulcie.Jepson.12@voila.fr'),
	 ('+785(544)416-069','Laurence.Harenc.41@hetnet.nl'),
	 ('+44(477)795-415','Claire.Booth.93@mail.com'),
	 ('+142(227)128-943','Ethan.Basford.68@live.com.au'),
	 ('+18(545)416-367','Ab.Mullen.18@verizon.net');
INSERT INTO public.contact (contact_no,email_id) VALUES
	 ('+29(230)314-112','Aaron.Curren.02@aol.com'),
	 ('+54(577)960-876','May.Westgate.82@yahoo.com.sg'),
	 ('+454(845)148-621','Alma.Standing.87@yahoo.in'),
	 ('+18(245)765-634','Charlotte.Buckley.54@bluewin.ch'),
	 ('+55(582)418-717','Noel.Jonas.96@bellsouth.net'),
	 ('+807(742)717-161','Ellie.Kraabel.08@centurytel.net'),
	 ('+35(833)683-122','Susanna.Bromfield.45@skynet.be'),
	 ('+75(536)457-257','Winnie.Clibburn.59@tin.it'),
	 ('+885(410)246-187','Valerie.Thornton.18@hotmail.com'),
	 ('+862(662)513-899','Stella.Purves.93@neuf.fr');
INSERT INTO public.contact (contact_no,email_id) VALUES
	 ('+70(531)102-157','Alvina.Boothby.90@bigpond.net.au'),
	 ('+84(273)531-959','Horace.Trevor-Roper.11@yahoo.co.jp');

--Address
INSERT INTO public.address (address1,address2,city,country,postcode,state) VALUES
	 ('box street','string','Bcity','Bcountry','602050','Bstate'),
	 ('street1','street2','Acity','Acountry','5789123','Astate'),
	 ('street1','street2','Acity','Acountry','5789123','Astate'),
	 ('pop alphat','string','Dcity','Dcountry','897456','Dstate'),
	 ('Estreet1','Estreet2','Ecity','Ecountry','895623','Estate'),
	 ('8552 6th St. Bradenton, FL 34203','7179 South Bridge Rd. Waterloo, IA 50701','Jackson','Malaysia','O5T 2R1','Tamil'),
	 ('9121 Wintergreen Street Glenside, PA 19038','521 Carson Ave. Loxahatchee, FL 33470','Woking-Byfleet','Kuwait','93641','uTamilNa'),
	 ('216 Cleveland Lane Woodside, NY 11377','89 Old Andover St. Oxford, MS 38655','Bratsk','Burma','R1K 9G4','aduTam'),
	 ('83 Arcadia Street Carrollton, GA 30117','364 S. Rockledge St. Woonsocket, RI 02895','Shashi','Botswana','N1X 3F7','mi'),
	 ('12 Fairground St. Fort Dodge, IA 50501','8296 Willow Street Des Plaines, IL 60016','Valdivia','Lebanon','I0X 5D0','ilNad');
INSERT INTO public.address (address1,address2,city,country,postcode,state) VALUES
	 ('590 Union Street Staten Island, NY 10301','69 Beacon Dr. Massapequa Park, NY 11762','Jiaohe','Netherlands','I6Y 1O2','adu'),
	 ('9810 Wood Drive Bloomfield, NJ 07003','477 Orchard Rd. Olympia, WA 98512','Bacau','Canada','A4V 0M7','milNadu'),
	 ('399 Amerige Street Millville, NJ 08332','8770 Rocky River Drive Woonsocket, RI 02895','Porto','Brazil','L4I 0O8','uTamilN'),
	 ('1 Evergreen Court Saint Johns, FL 32259','9856 Leeton Ridge Ave. Indianapolis, IN 46201','Vila Velha','Cameroon','R1I 9U1','lNaduTam'),
	 ('8 Westport Road Apt 2 La Vergne, TN 37086','15 West Kirkland Avenue Cedar Rapids, IA 52402','Sincelejo','Vietnam','28460-7977','lNaduT'),
	 ('2 Lakeshore Ave. Dickson, TN 37055','80 Jackson Avenue Mcminnville, TN 37110','Namangan','Thailand','77121-6680','milNad'),
	 ('9693 Cemetery St. Melrose, MA 02176','268 Lawrence Lane Raeford, NC 28376','Kurume','Cambodia','W1W 2D5','milNadu'),
	 ('9429 W. Ridgewood Dr. Lagrange, GA 30240','51 School Street Norcross, GA 30092','Manado','Liberia','73667','ilNad'),
	 ('94 Queen Road Woodside, NY 11377','9564 South Bayberry Ave. Eden Prairie, MN 55347','Osorno','Solomon Islands','K6Y 7T6','aduTamil'),
	 ('777 N. Cobblestone Street New York, NY 10002','4 Valley Farms Lane Bayonne, NJ 07002','Ponta Grossa','Swaziland','Q4R 4X4','TamilNa');
INSERT INTO public.address (address1,address2,city,country,postcode,state) VALUES
	 ('9070 Albany Drive Algonquin, IL 60102','81 Thompson Lane Bay Shore, NY 11706','Xilinhaote','Guatemala','26241-3456','uTamilNad'),
	 ('58 Bald Hill Lane Apex, NC 27502','445 Fifth Avenue Ocoee, FL 34761','Wuxue','Fiji','P8D 4S9','aduTam'),
	 ('131 Illinois Street Hephzibah, GA 30815','9607 Military Avenue West Orange, NJ 07052','Luton','Jordan','E2E 5D6','aduTamil'),
	 ('8516 Hanover Lane Thornton, CO 80241','54 Fawn St. Merrick, NY 11566','Qiqihar','Aruba','08477','milNaduT'),
	 ('7098 Sugar Dr. Blackwood, NJ 08012','552 Shipley St. Dacula, GA 30019','Baiyin','Mexico','34078','milNaduTa'),
	 ('9644 S. Rockville Lane West Babylon, NY 11704','8749C 2nd Ave. Upper Darby, PA 19082','Halle','Bhutan','48229','NaduTam'),
	 ('7 Richardson Street Medford, MA 02155','7060 Ridge Ave. Panama City, FL 32404','La Paz','Nepal','15523','amil'),
	 ('43 Hill Ave. Westmont, IL 60559','81 Pin Oak Drive Calumet City, IL 60409','Serpuhov','Bhutan','N4E 1F4','ilNaduTam'),
	 ('72 Bradford Court Christiansburg, VA 24073','9939 Piper Ave. Parsippany, NJ 07054','Oral','Suriname','25368','N'),
	 ('232 Third Rd. Brockton, MA 02301','7519 Rockledge St. Lincolnton, NC 28092','Namangan','Luxembourg','O1Z 3G4','Nad');
INSERT INTO public.address (address1,address2,city,country,postcode,state) VALUES
	 ('60 South John Ave. Oshkosh, WI 54901','90 Glenwood Ave. Silver Spring, MD 20901','Atyrau','Iraq','E9S 6S1','aduTami'),
	 ('315 Oakwood St. Circle Pines, MN 55014','491 Miller St. Bartlett, IL 60103','Shaowu','Marshall Islands','P1B 7U9','Nad'),
	 ('576 Elmwood Ave. Bradenton, FL 34203','8846 Spring Street Lake Mary, FL 32746','Bulawayo','Guinea','T3H 2Q6','milNaduTa'),
	 ('8767 Albany Dr. Pasadena, MD 21122','417 Tunnel Drive Union City, NJ 07087','Jabaliyah','Grenada','N1I 6B6','duTamil'),
	 ('9043 West Glenlake St. Buckeye, AZ 85326','305C Old Amerige Road Wilmington, MA 01887','Leverkusen','Kenya','70685','i'),
	 ('419 West Overlook St. Revere, MA 02151','935 East Arlington St. Revere, MA 02151','Pecs','Rwanda','J0J 4U3','aduTamilN'),
	 ('568 Walnut Street Fair Lawn, NJ 07410','7509 Dogwood Lane Wantagh, NY 11793','Chicago','Grenada','K8S 8W6','d'),
	 ('869 Kingston Road New Castle, PA 16101','902 New Saddle Lane Cape Coral, FL 33904','Sochi','Mali','80885','TamilNa'),
	 ('97 Marvon St. Cedar Rapids, IA 52402','224 Country St. Vienna, VA 22180','Suhaj','Liberia','X3U 1F9','aduTami'),
	 ('869 Wild Rose Lane Indiana, PA 15701','7662 Oxford Street Carol Stream, IL 60188','Mykolayiv','France','91443-1733','NaduTa');
INSERT INTO public.address (address1,address2,city,country,postcode,state) VALUES
	 ('8244 South Iroquois St. Dedham, MA 02026','9984 Charles Street Gallatin, TN 37066','Waterbury','Benin','S5W 7U4','uTamil'),
	 ('18 Old Fordham St. Largo, FL 33771','367 Colonial Road Billings, MT 59101','Zhuji','Cambodia','67716','TamilNa'),
	 ('826 W. Olive Dr. Manchester Township, NJ 08759','190 Pleasant Rd. Egg Harbor Township, NJ 08234','Potosi','Marshall Islands','53308','NaduTami'),
	 ('9556 Catherine Ave. Kings Mountain, NC 28086','32 Carpenter Ave. Muskego, WI 53150','Gondar','Venezuela','D4N 7G5','ami'),
	 ('501 South Edgemont Street Pensacola, FL 32503','61 Lafayette Ave. Hoffman Estates, IL 60169','Mombasa','Palestinian Territories','U6V 0F8','amilNaduT'),
	 ('69 Wilson Lane Plymouth, MA 02360','33 Spruce St. Cedar Rapids, IA 52402','Ipatinga','Australia','92163-1775','ilNadu'),
	 ('11 Selby Street Springboro, OH 45066','99 Lake Forest St. New Bern, NC 28560','Ashqelon','China','G6P 1K8','amilN'),
	 ('8612 High Ave. Newport News, VA 23601','6 Nicolls St. Andover, MA 01810','Abakan','Liberia','64130-5413','TamilN'),
	 ('88 N. Amerige Dr. Allen Park, MI 48101','868 Bowman St. Lake Villa, IL 60046','Belgrade','Brazil','34757','uT'),
	 ('512 Lafayette St. Altoona, PA 16601','7747 Bellevue Rd. Lebanon, PA 17042','Antofagasta','Belgium','S8M 5I7','TamilNadu');
INSERT INTO public.address (address1,address2,city,country,postcode,state) VALUES
	 ('970 NE. Gartner St. Bay Shore, NY 11706','251 Meadow Ave. Astoria, NY 11102','Perm','Poland','M2O 8C8','NaduTamil'),
	 ('9 Forest Street Pewaukee, WI 53072','187 Plymouth St. Collegeville, PA 19426','Xian','Liechtenstein','71527-0475','milNadu'),
	 ('97 Broad Street Ashtabula, OH 44004','40 E. Glen Ridge Ave. West Roxbury, MA 02132','Hannover','Zimbabwe','77426','amil'),
	 ('4 W. Garfield St. Terre Haute, IN 47802','34 North Rock Creek St. Riverview, FL 33569','Namur','Solomon Islands','46169','NaduTa'),
	 ('8138 Birchwood St. Reston, VA 20191','71 Longfellow Road Wenatchee, WA 98801','Burlington','Egypt','29099','uTam');

--Bank Info
INSERT INTO public.bank_info (bank_id,branch_code,branch_name,branch_address_add_id) VALUES
	 (2,123,'abcBank',10),
	 (3,568,'EBank',12),
	 (50,196,'Leopold',89),
	 (51,80,'Garth',73),
	 (52,9,'Carole',99),
	 (53,218,'Summer',90),
	 (54,72,'Lily',62),
	 (55,20,'Alison',52),
	 (56,175,'Arlo',85),
	 (57,72,'Lorelei',96);
INSERT INTO public.bank_info (bank_id,branch_code,branch_name,branch_address_add_id) VALUES
	 (58,29,'Gabriel',76),
	 (59,32,'Charlotte',74),
	 (60,52,'Patsy',65),
	 (61,10,'Nicolas',87),
	 (62,12,'Andrea',71),
	 (63,238,'Dulcie',11),
	 (64,164,'Viola',97),
	 (65,223,'Cleve',9),
	 (66,176,'Patty',55),
	 (67,202,'Alec',85);
INSERT INTO public.bank_info (bank_id,branch_code,branch_name,branch_address_add_id) VALUES
	 (68,155,'Bernard',96),
	 (69,158,'Jacqueline',79),
	 (70,42,'Harold',82),
	 (71,53,'Gertrude',75),
	 (72,94,'Lanna',11),
	 (73,66,'Minnie',97),
	 (74,142,'Salma',81),
	 (75,50,'Eve',11),
	 (76,241,'Marshall',91),
	 (77,100,'Vanessa',66);
INSERT INTO public.bank_info (bank_id,branch_code,branch_name,branch_address_add_id) VALUES
	 (78,74,'Venetia',95),
	 (79,185,'Aviva',64),
	 (80,194,'Ellen',66),
	 (81,63,'Chadwick',93),
	 (82,59,'Kristin',50),
	 (83,135,'Malcolm',97),
	 (84,193,'Harper',77),
	 (85,198,'Charlie',78),
	 (86,122,'Susan',70),
	 (87,212,'Bud',50);
INSERT INTO public.bank_info (bank_id,branch_code,branch_name,branch_address_add_id) VALUES
	 (88,32,'Aviva',65),
	 (89,242,'Sophie',64),
	 (90,91,'Holbrook',84),
	 (91,239,'Vivian',88),
	 (92,109,'Oswald',99),
	 (93,228,'Thaddeus',90),
	 (94,5,'Benjamin',67),
	 (95,116,'Bridget',94),
	 (96,174,'James',52),
	 (97,153,'Colin',94);
INSERT INTO public.bank_info (bank_id,branch_code,branch_name,branch_address_add_id) VALUES
	 (98,24,'Ivy',75),
	 (99,79,'Gilbert',68);

--Customer
INSERT INTO public.customer (create_date_time,customer_number,first_name,last_name,contact_details_cont_id,customer_address_add_id) VALUES
	 ('2020-04-22',36399,'Clay','Becki',42,66),
	 ('2021-01-15',8978121,'deasdf','sds',5,8),
	 ('2021-01-15',7984541,'mkk','yui',6,11),
	 ('2001-07-30',1,'Jim','Daisy',NULL,NULL),
	 ('2020-05-12',36389,'Esther','Jack',24,67),
	 ('2019-12-03',36390,'Cordelia','Leopold',24,53),
	 ('2019-08-23',36391,'Eudora','Randall',39,50),
	 ('2019-07-03',36392,'Swaine','Maximilian',27,95),
	 ('2020-04-18',36393,'Melanie','Rupert',64,81),
	 ('2020-05-25',36394,'Sophie','Geoffrey',57,65);
INSERT INTO public.customer (create_date_time,customer_number,first_name,last_name,contact_details_cont_id,customer_address_add_id) VALUES
	 ('2020-12-31',36395,'Lindsay','Alistair',30,51),
	 ('2020-07-19',36396,'Claudia','Edgar',43,71),
	 ('2019-11-30',36397,'Marcie','Winnie',35,80),
	 ('2020-05-20',36398,'Mildred','Ernest',30,12),
	 ('2019-02-28',36400,'Ashley','Nowell',35,93),
	 ('2020-10-27',36401,'Anthony','Alec',68,50),
	 ('2019-05-13',36402,'Albina','Hester',24,11),
	 ('2020-06-23',36403,'Delbert','Amanda',26,77),
	 ('2019-11-13',36404,'Humphrey','Geoffrey',39,54),
	 ('2020-06-15',36405,'Jasper','Nicola',63,88);
INSERT INTO public.customer (create_date_time,customer_number,first_name,last_name,contact_details_cont_id,customer_address_add_id) VALUES
	 ('2019-08-04',36406,'Kristin','Leila',49,67),
	 ('2019-03-30',36407,'Bobbi','Franklin',31,96),
	 ('2019-01-29',36408,'Lena','Priscilla',49,83),
	 ('2020-09-06',36409,'Anderson','Hero',5,99),
	 ('2020-07-14',36410,'Joan','Deanna',22,71),
	 ('2019-05-17',36411,'Dede','Jermaine',67,60),
	 ('2019-03-30',36412,'Coloman','Chet',55,65),
	 ('2019-07-05',36413,'Shania','Buck',52,53),
	 ('2019-12-01',36414,'Mandy','Larry',37,52),
	 ('2020-06-08',36415,'Dwight','Eleanor',39,94);
INSERT INTO public.customer (create_date_time,customer_number,first_name,last_name,contact_details_cont_id,customer_address_add_id) VALUES
	 ('2019-06-29',36416,'Elbert','David',63,67),
	 ('2019-10-16',36417,'Lorraine','Daniel',49,87),
	 ('2020-10-07',36418,'Wayne','Edgar',20,66),
	 ('2020-02-10',36419,'Rose','Talitha',21,9),
	 ('2019-07-21',36420,'Kristin','Lauretta',47,12),
	 ('2019-01-16',36421,'Irene','Rosamund',56,78),
	 ('2019-08-05',36422,'Buddy','Myrtle',53,81),
	 ('2019-05-31',36423,'Arnold','Rachel',65,70),
	 ('2019-07-23',36424,'Maud','Lindsay',38,52),
	 ('2020-01-03',36425,'Michael','Wilma',66,91);
INSERT INTO public.customer (create_date_time,customer_number,first_name,last_name,contact_details_cont_id,customer_address_add_id) VALUES
	 ('2019-08-20',36426,'Betsy','Carlene',46,11),
	 ('2019-09-16',36427,'Colby','Kurt',47,65),
	 ('2019-12-25',36428,'Crystal','Henry',22,73),
	 ('2019-06-03',36429,'Clementine','Flora',23,70),
	 ('2020-01-05',36430,'Danielle','Reginald',49,90),
	 ('2020-08-23',36431,'Philippa','Simone',38,73),
	 ('2020-05-16',36432,'Leopold','Sibyl',68,78),
	 ('2019-05-06',36433,'Erastus','Jeff',58,91),
	 ('2019-02-16',36434,'Joey','Kelsey',32,8),
	 ('2020-10-13',36435,'Hunter','Penny',58,79);
INSERT INTO public.customer (create_date_time,customer_number,first_name,last_name,contact_details_cont_id,customer_address_add_id) VALUES
	 ('2019-09-11',36436,'Joy','Hudson',57,91),
	 ('2019-08-16',36437,'Joey','Imelda',65,93),
	 ('2020-12-31',36438,'Phillipps','Kimble',47,10);

--Account
INSERT INTO public.account (account_balance,account_number,account_type,created_at,modified_at,bank_information_bank_id) VALUES
	 (490.0,112291,3,'2021-01-15','2021-01-15',3),
	 (1510.0,112290,0,'2021-01-15','2021-01-15',2),
	 (3156.92,112233,1,'2019-03-16','2020-08-08',78),
	 (6035.77,112234,2,'2020-03-08','2019-12-28',65),
	 (3662.0,112235,2,'2020-02-11','2020-03-08',73),
	 (1675.1,112236,1,'2020-01-16','2020-12-20',94),
	 (858.8,112237,2,'2020-06-11','2019-06-08',91),
	 (9256.46,112238,2,'2019-02-26','2019-11-04',84),
	 (9452.21,112239,2,'2019-06-08','2020-12-21',93),
	 (5300.87,112240,2,'2020-10-09','2019-04-30',67);
INSERT INTO public.account (account_balance,account_number,account_type,created_at,modified_at,bank_information_bank_id) VALUES
	 (1100.61,112241,3,'2019-09-20','2019-05-01',55),
	 (1173.4,112242,3,'2020-12-05','2020-02-19',82),
	 (1235.97,112243,1,'2019-12-07','2020-08-12',53),
	 (9022.38,112244,2,'2020-07-22','2019-09-13',97),
	 (2762.87,112245,1,'2019-04-01','2019-12-01',82),
	 (2041.85,112246,1,'2019-12-06','2020-03-11',50),
	 (2627.25,112247,2,'2019-11-21','2019-03-28',98),
	 (5233.69,112248,3,'2019-12-30','2019-12-22',61),
	 (4864.13,112249,2,'2020-07-01','2019-08-06',67),
	 (2006.5,112250,1,'2019-05-30','2020-10-29',82);
INSERT INTO public.account (account_balance,account_number,account_type,created_at,modified_at,bank_information_bank_id) VALUES
	 (1832.37,112251,2,'2020-09-11','2020-01-08',97),
	 (9798.13,112252,2,'2019-10-22','2019-09-26',87),
	 (5238.82,112253,1,'2020-04-22','2020-01-01',77),
	 (7380.42,112254,1,'2019-03-23','2019-05-13',92),
	 (4217.71,112255,2,'2019-10-13','2019-02-24',87),
	 (1065.94,112256,2,'2019-03-05','2019-02-02',92),
	 (8888.45,112257,1,'2019-03-06','2019-04-09',58),
	 (8593.83,112258,3,'2020-05-27','2020-03-30',64),
	 (4494.29,112259,3,'2020-06-20','2019-06-29',86),
	 (6760.95,112260,1,'2020-09-09','2020-05-24',92);
INSERT INTO public.account (account_balance,account_number,account_type,created_at,modified_at,bank_information_bank_id) VALUES
	 (7349.29,112261,3,'2019-08-30','2020-05-08',57),
	 (8566.33,112262,2,'2020-12-18','2020-04-13',60),
	 (222.68,112263,2,'2019-11-25','2020-01-11',72),
	 (5996.0,112264,3,'2020-11-30','2019-06-05',86),
	 (1868.2,112265,2,'2019-05-01','2020-11-18',95),
	 (1915.19,112266,2,'2019-07-30','2020-12-26',70),
	 (2829.5,112267,1,'2019-09-20','2019-06-13',95),
	 (7792.72,112268,3,'2019-02-24','2020-06-21',3),
	 (4031.45,112269,3,'2020-09-02','2019-07-09',82),
	 (6024.94,112270,3,'2019-04-01','2020-11-27',98);
INSERT INTO public.account (account_balance,account_number,account_type,created_at,modified_at,bank_information_bank_id) VALUES
	 (1156.19,112271,2,'2020-01-08','2020-06-06',72),
	 (2234.32,112272,3,'2020-05-20','2019-06-20',65),
	 (7051.61,112273,2,'2019-01-15','2020-08-12',53),
	 (5857.73,112274,2,'2020-06-24','2019-01-21',91),
	 (8213.11,112275,2,'2019-03-27','2019-10-25',83),
	 (8189.73,112276,3,'2019-08-17','2019-08-19',98),
	 (665.91,112277,2,'2019-11-12','2019-02-26',66),
	 (7367.14,112278,3,'2020-09-22','2020-11-24',90),
	 (5155.5,112279,3,'2020-09-20','2019-07-17',72),
	 (7274.11,112280,1,'2019-09-20','2019-10-08',67);
INSERT INTO public.account (account_balance,account_number,account_type,created_at,modified_at,bank_information_bank_id) VALUES
	 (8133.2,112281,3,'2020-03-14','2020-09-05',53),
	 (5403.77,112282,2,'2019-02-06','2020-10-07',94);


--Customer_Account

INSERT INTO public.customer_account (account_number,customer_number) VALUES
	 (112290,8978121),
	 (112291,7984541),
	 (112244,36389),
	 (112245,36390),
	 (112246,36391),
	 (112247,36392),
	 (112248,36393),
	 (112249,36394),
	 (112250,36395),
	 (112251,36396);
INSERT INTO public.customer_account (account_number,customer_number) VALUES
	 (112252,36397),
	 (112253,36398),
	 (112254,36399),
	 (112255,36400),
	 (112256,36401),
	 (112257,36402),
	 (112258,36403),
	 (112259,36404),
	 (112260,36405),
	 (112261,36406);
INSERT INTO public.customer_account (account_number,customer_number) VALUES
	 (112262,36407),
	 (112263,36408),
	 (112264,36409),
	 (112265,36410),
	 (112266,36411),
	 (112267,36412),
	 (112268,36413),
	 (112269,36414),
	 (112270,36415),
	 (112271,36416);
INSERT INTO public.customer_account (account_number,customer_number) VALUES
	 (112272,36417),
	 (112273,36418),
	 (112274,36419),
	 (112275,36420),
	 (112276,36421),
	 (112277,36422),
	 (112278,36423),
	 (112279,36424),
	 (112280,36425),
	 (112281,36426);
INSERT INTO public.customer_account (account_number,customer_number) VALUES
	 (112282,36427),
	 (112283,36428),
	 (112284,36429),
	 (112285,36430),
	 (112286,36431),
	 (112287,36432),
	 (112288,36433),
	 (112289,36434),
	 (112290,36435),
	 (112291,36436);
INSERT INTO public.customer_account (account_number,customer_number) VALUES
	 (112292,36437),
	 (112293,36438);

--Transaction
INSERT INTO public."transaction" (tx_id,account_number,amount,"date","type") VALUES
	 (4,112291,NULL,NULL,NULL),
	 (5,112290,NULL,NULL,NULL),
	 (6,112291,NULL,NULL,NULL),
	 (7,112290,NULL,NULL,NULL),
	 (11,112290,5.0,'2021-01-15','CREDIT'),
	 (8,112291,5.0,'2020-01-15','DEBIT'),
	 (14,112235,7178.25,'2020-11-17','DEBIT'),
	 (15,112236,6025.72,'2019-11-07','DEBIT'),
	 (17,112238,2914.93,'2020-12-21','DEBIT'),
	 (18,112239,3721.6,'2020-08-26','DEBIT');
INSERT INTO public."transaction" (tx_id,account_number,amount,"date","type") VALUES
	 (20,112241,5745.41,'2019-01-22','DEBIT'),
	 (23,112244,9423.78,'2019-03-28','DEBIT'),
	 (24,112245,4500.34,'2020-12-01','DEBIT'),
	 (25,112246,9460.88,'2019-10-05','DEBIT'),
	 (27,112248,2958.4,'2020-04-06','DEBIT'),
	 (28,112249,5156.27,'2020-11-22','DEBIT'),
	 (29,112250,9753.52,'2020-07-19','DEBIT'),
	 (30,112251,2185.54,'2020-04-01','DEBIT'),
	 (32,112253,1975.16,'2019-03-13','DEBIT'),
	 (33,112254,4197.44,'2020-12-11','DEBIT');
INSERT INTO public."transaction" (tx_id,account_number,amount,"date","type") VALUES
	 (36,112257,874.66,'2020-09-21','DEBIT'),
	 (37,112258,2295.1,'2019-04-26','DEBIT'),
	 (39,112260,9445.59,'2019-05-07','DEBIT'),
	 (40,112261,5730.24,'2019-06-03','DEBIT'),
	 (42,112263,6059.91,'2020-12-26','DEBIT'),
	 (46,112267,9862.35,'2019-08-27','DEBIT'),
	 (47,112268,6503.6,'2020-03-17','DEBIT'),
	 (48,112269,5363.7,'2020-10-08','DEBIT'),
	 (49,112270,2275.41,'2020-01-13','DEBIT'),
	 (50,112271,9236.56,'2020-11-16','DEBIT');
INSERT INTO public."transaction" (tx_id,account_number,amount,"date","type") VALUES
	 (53,112274,9976.35,'2020-11-16','DEBIT'),
	 (55,112276,2948.38,'2019-06-29','DEBIT'),
	 (57,112278,6624.93,'2020-12-06','DEBIT'),
	 (59,112280,4299.27,'2020-06-22','DEBIT'),
	 (60,112281,2422.49,'2019-09-05','DEBIT'),
	 (13,112234,7936.96,'2019-03-19','CREDIT'),
	 (16,112237,8864.43,'2019-07-12','CREDIT'),
	 (19,112240,1246.24,'2019-06-03','CREDIT'),
	 (22,112243,9226.34,'2020-09-05','CREDIT'),
	 (26,112247,7086.97,'2020-03-23','CREDIT');
INSERT INTO public."transaction" (tx_id,account_number,amount,"date","type") VALUES
	 (31,112252,2524.14,'2020-10-20','CREDIT'),
	 (34,112255,4785.95,'2019-08-06','CREDIT'),
	 (38,112259,703.99,'2019-10-01','CREDIT'),
	 (41,112262,7383.14,'2019-06-06','CREDIT'),
	 (43,112264,3067.92,'2019-12-05','CREDIT'),
	 (54,112275,168.31,'2019-12-17','CREDIT'),
	 (56,112277,6477.88,'2020-09-07','CREDIT'),
	 (61,112282,3422.29,'2019-11-23','CREDIT'),
	 (44,112244,9162.57,'2020-08-02','DEBIT'),
	 (52,112244,6149.67,'2020-01-22','DEBIT');
INSERT INTO public."transaction" (tx_id,account_number,amount,"date","type") VALUES
	 (58,112244,1338.36,'2020-05-30','DEBIT'),
	 (10,112244,5.0,'2020-03-15','DEBIT'),
	 (21,112244,725.4,'2020-03-11','DEBIT'),
	 (35,112244,3936.63,'2019-06-29','DEBIT'),
	 (12,112244,4400.84,'2019-06-08','CREDIT'),
	 (9,112244,5.0,'2021-01-15','CREDIT'),
	 (45,112244,3115.6,'2019-08-30','CREDIT'),
	 (51,112244,8171.23,'2019-02-06','CREDIT');